,PERIODO,CODIGO_ENTIDAD,NOMBRE_ENTIDAD,CUENTA,NOMBRE_CUENTA,CUENTA_NIVEL_01,CUENTA_NIVEL_02,CUENTA_NIVEL_03,CUENTA_NIVEL_04,CUENTA_NIVEL_05,CUENTA_NIVEL_06,CUENTA_NIVEL_07,CUENTA_NIVEL_08,CUENTA_NIVEL_09,CUENTA_NIVEL_10,VIGENCIA_DEL_GASTO,SECCION_PRESUPUESTAL,PROGRAMATICO_MGA,BPIN,SECTOR,APROPIACION_INICIAL,APROPIACION_DEFINITIVA,VIGENCIA,TRIMESTRE,PRESUPUESTO_DEFINITIVO,PRESUPUESTO_INICIAL,TOTAL_RECAUDO,CPC,FUENTES_FINANCIACION,APLICA_DESTINACION_ESPECIFICA,TIPO_NORMA_DESTINACION,TIPO_NORMA,NUMERO_NORMA,TERCERO,POLITICA_PUBLICA,DETALLE_SECTORIAL,RECAUDO_VAC_SS,RECAUDO_VAC_CS,RECAUDO_VAN_SS,RECAUDO_VAN_CS,SITUACION_DE_FONDOS,TERCEROS,SECTORIAL,COMPROMISOS,OBLIGACIONES,PAGOS
2046985,20210901,923272407,Patrimonio Autónomo de Administración y Pago E.S.E. Rafael Uribe Uribe Cont 019,2.1.8.01,IMPUESTOS,GASTOS,FUNCIONAMIENTO,"GASTOS POR TRIBUTOS, TASAS, CONTRIBUCIONES, MULTAS, SANCIONES E INTERESES DE MORA",IMPUESTOS,No Aplica,No Aplica,No Aplica,No Aplica,No Aplica,No Aplica,VIGENCIA ACTUAL,ENTIDADES TERRITORIALES - SALUD,NO DEFINIDO,NO DEFINIDO,NO DEFINIDO,45000.0,135000.0,2021,Tercer Trimestre,,,,,,,,,,,,,,,,,,,,,,
2365190,20210901,923272407,Patrimonio Autónomo de Administración y Pago E.S.E. Rafael Uribe Uribe Cont 019,2.1.8.01.14,GRAVAMEN A LOS MOVIMIENTOS FINANCIEROS,GASTOS,FUNCIONAMIENTO,"GASTOS POR TRIBUTOS, TASAS, CONTRIBUCIONES, MULTAS, SANCIONES E INTERESES DE MORA",IMPUESTOS,GRAVAMEN A LOS MOVIMIENTOS FINANCIEROS,No Aplica,No Aplica,No Aplica,No Aplica,No Aplica,VIGENCIA ACTUAL,ENTIDADES TERRITORIALES - SALUD,NO DEFINIDO,NO DEFINIDO,SALUD Y PROTECCION SOCIAL,45000.0,135000.0,2021,Tercer Trimestre,,,,,,,,,,,,,,,,,,,,,,
2518997,20210301,923272407,Patrimonio Autónomo de Administración y Pago E.S.E. Rafael Uribe Uribe Cont 019,2.1.8.01.14,GRAVAMEN A LOS MOVIMIENTOS FINANCIEROS,GASTOS,FUNCIONAMIENTO,"GASTOS POR TRIBUTOS, TASAS, CONTRIBUCIONES, MULTAS, SANCIONES E INTERESES DE MORA",IMPUESTOS,GRAVAMEN A LOS MOVIMIENTOS FINANCIEROS,No Aplica,No Aplica,No Aplica,No Aplica,No Aplica,VIGENCIA ACTUAL,ENTIDADES TERRITORIALES - SALUD,NO DEFINIDO,NO DEFINIDO,SALUD Y PROTECCION SOCIAL,45000.0,45000.0,2021,Primer Trimestre,,,,,,,,,,,,,,,,,,,,,,
2544405,20210901,923272407,Patrimonio Autónomo de Administración y Pago E.S.E. Rafael Uribe Uribe Cont 019,2.1.2.02.02,ADQUISICION DE SERVICIOS,GASTOS,FUNCIONAMIENTO,ADQUISICION DE BIENES Y SERVICIOS,ADQUISICIONES DIFERENTES DE ACTIVOS,ADQUISICION DE SERVICIOS,No Aplica,No Aplica,No Aplica,No Aplica,No Aplica,VIGENCIA ACTUAL,ENTIDADES TERRITORIALES - SALUD,NO DEFINIDO,NO DEFINIDO,NO DEFINIDO,10425000.0,31275000.0,2021,Tercer Trimestre,,,,,,,,,,,,,,,,,,,,,,
2786592,20210901,923272407,Patrimonio Autónomo de Administración y Pago E.S.E. Rafael Uribe Uribe Cont 019,2,GASTOS,GASTOS,No Aplica,No Aplica,No Aplica,No Aplica,No Aplica,No Aplica,No Aplica,No Aplica,No Aplica,VIGENCIA ACTUAL,ENTIDADES TERRITORIALES - SALUD,NO DEFINIDO,NO DEFINIDO,NO DEFINIDO,10470000.0,31410000.0,2021,Tercer Trimestre,,,,,,,,,,,,,,,,,,,,,,
2871059,20210301,923272407,Patrimonio Autónomo de Administración y Pago E.S.E. Rafael Uribe Uribe Cont 019,2.1.2.02,ADQUISICIONES DIFERENTES DE ACTIVOS,GASTOS,FUNCIONAMIENTO,ADQUISICION DE BIENES Y SERVICIOS,ADQUISICIONES DIFERENTES DE ACTIVOS,No Aplica,No Aplica,No Aplica,No Aplica,No Aplica,No Aplica,VIGENCIA ACTUAL,ENTIDADES TERRITORIALES - SALUD,NO DEFINIDO,NO DEFINIDO,NO DEFINIDO,10425000.0,10425000.0,2021,Primer Trimestre,,,,,,,,,,,,,,,,,,,,,,
2947128,20210301,923272407,Patrimonio Autónomo de Administración y Pago E.S.E. Rafael Uribe Uribe Cont 019,2.1.8,"GASTOS POR TRIBUTOS, TASAS, CONTRIBUCIONES, MULTAS, SANCIONES E INTERESES DE MORA",GASTOS,FUNCIONAMIENTO,"GASTOS POR TRIBUTOS, TASAS, CONTRIBUCIONES, MULTAS, SANCIONES E INTERESES DE MORA",No Aplica,No Aplica,No Aplica,No Aplica,No Aplica,No Aplica,No Aplica,VIGENCIA ACTUAL,ENTIDADES TERRITORIALES - SALUD,NO DEFINIDO,NO DEFINIDO,NO DEFINIDO,45000.0,45000.0,2021,Primer Trimestre,,,,,,,,,,,,,,,,,,,,,,
3083838,20210901,923272407,Patrimonio Autónomo de Administración y Pago E.S.E. Rafael Uribe Uribe Cont 019,2.1,FUNCIONAMIENTO,GASTOS,FUNCIONAMIENTO,No Aplica,No Aplica,No Aplica,No Aplica,No Aplica,No Aplica,No Aplica,No Aplica,VIGENCIA ACTUAL,ENTIDADES TERRITORIALES - SALUD,NO DEFINIDO,NO DEFINIDO,NO DEFINIDO,10470000.0,31410000.0,2021,Tercer Trimestre,,,,,,,,,,,,,,,,,,,,,,
3092258,20210301,923272407,Patrimonio Autónomo de Administración y Pago E.S.E. Rafael Uribe Uribe Cont 019,2.1.2.02.02.007,SERVICIOS FINANCIEROS Y SERVICIOS CONEXOS; SERVICIOS INMOBILIARIOS; Y SERVICIOS DE ARRENDAMIENTO Y LEASING,GASTOS,FUNCIONAMIENTO,ADQUISICION DE BIENES Y SERVICIOS,ADQUISICIONES DIFERENTES DE ACTIVOS,ADQUISICION DE SERVICIOS,SERVICIOS FINANCIEROS Y SERVICIOS CONEXOS; SERVICIOS INMOBILIARIOS; Y SERVICIOS DE ARRENDAMIENTO Y LEASING,No Aplica,No Aplica,No Aplica,No Aplica,VIGENCIA ACTUAL,ENTIDADES TERRITORIALES - SALUD,NO DEFINIDO,NO DEFINIDO,SALUD Y PROTECCION SOCIAL,10425000.0,10425000.0,2021,Primer Trimestre,,,,,,,,,,,,,,,,,,,,,,
3116134,20210301,923272407,Patrimonio Autónomo de Administración y Pago E.S.E. Rafael Uribe Uribe Cont 019,2.1.2,ADQUISICION DE BIENES Y SERVICIOS,GASTOS,FUNCIONAMIENTO,ADQUISICION DE BIENES Y SERVICIOS,No Aplica,No Aplica,No Aplica,No Aplica,No Aplica,No Aplica,No Aplica,VIGENCIA ACTUAL,ENTIDADES TERRITORIALES - SALUD,NO DEFINIDO,NO DEFINIDO,NO DEFINIDO,10425000.0,10425000.0,2021,Primer Trimestre,,,,,,,,,,,,,,,,,,,,,,
3244838,20210301,923272407,Patrimonio Autónomo de Administración y Pago E.S.E. Rafael Uribe Uribe Cont 019,2.1,FUNCIONAMIENTO,GASTOS,FUNCIONAMIENTO,No Aplica,No Aplica,No Aplica,No Aplica,No Aplica,No Aplica,No Aplica,No Aplica,VIGENCIA ACTUAL,ENTIDADES TERRITORIALES - SALUD,NO DEFINIDO,NO DEFINIDO,NO DEFINIDO,10470000.0,10470000.0,2021,Primer Trimestre,,,,,,,,,,,,,,,,,,,,,,
3272515,20210301,923272407,Patrimonio Autónomo de Administración y Pago E.S.E. Rafael Uribe Uribe Cont 019,2.1.2.02.02,ADQUISICION DE SERVICIOS,GASTOS,FUNCIONAMIENTO,ADQUISICION DE BIENES Y SERVICIOS,ADQUISICIONES DIFERENTES DE ACTIVOS,ADQUISICION DE SERVICIOS,No Aplica,No Aplica,No Aplica,No Aplica,No Aplica,VIGENCIA ACTUAL,ENTIDADES TERRITORIALES - SALUD,NO DEFINIDO,NO DEFINIDO,NO DEFINIDO,10425000.0,10425000.0,2021,Primer Trimestre,,,,,,,,,,,,,,,,,,,,,,
3555259,20210301,923272407,Patrimonio Autónomo de Administración y Pago E.S.E. Rafael Uribe Uribe Cont 019,2,GASTOS,GASTOS,No Aplica,No Aplica,No Aplica,No Aplica,No Aplica,No Aplica,No Aplica,No Aplica,No Aplica,VIGENCIA ACTUAL,ENTIDADES TERRITORIALES - SALUD,NO DEFINIDO,NO DEFINIDO,NO DEFINIDO,10470000.0,10470000.0,2021,Primer Trimestre,,,,,,,,,,,,,,,,,,,,,,
3614594,20210301,923272407,Patrimonio Autónomo de Administración y Pago E.S.E. Rafael Uribe Uribe Cont 019,2.1.8.01,IMPUESTOS,GASTOS,FUNCIONAMIENTO,"GASTOS POR TRIBUTOS, TASAS, CONTRIBUCIONES, MULTAS, SANCIONES E INTERESES DE MORA",IMPUESTOS,No Aplica,No Aplica,No Aplica,No Aplica,No Aplica,No Aplica,VIGENCIA ACTUAL,ENTIDADES TERRITORIALES - SALUD,NO DEFINIDO,NO DEFINIDO,NO DEFINIDO,45000.0,45000.0,2021,Primer Trimestre,,,,,,,,,,,,,,,,,,,,,,
3684506,20210901,923272407,Patrimonio Autónomo de Administración y Pago E.S.E. Rafael Uribe Uribe Cont 019,2.1.2.02,ADQUISICIONES DIFERENTES DE ACTIVOS,GASTOS,FUNCIONAMIENTO,ADQUISICION DE BIENES Y SERVICIOS,ADQUISICIONES DIFERENTES DE ACTIVOS,No Aplica,No Aplica,No Aplica,No Aplica,No Aplica,No Aplica,VIGENCIA ACTUAL,ENTIDADES TERRITORIALES - SALUD,NO DEFINIDO,NO DEFINIDO,NO DEFINIDO,10425000.0,31275000.0,2021,Tercer Trimestre,,,,,,,,,,,,,,,,,,,,,,
3727534,20210901,923272407,Patrimonio Autónomo de Administración y Pago E.S.E. Rafael Uribe Uribe Cont 019,2.1.2,ADQUISICION DE BIENES Y SERVICIOS,GASTOS,FUNCIONAMIENTO,ADQUISICION DE BIENES Y SERVICIOS,No Aplica,No Aplica,No Aplica,No Aplica,No Aplica,No Aplica,No Aplica,VIGENCIA ACTUAL,ENTIDADES TERRITORIALES - SALUD,NO DEFINIDO,NO DEFINIDO,NO DEFINIDO,10425000.0,31275000.0,2021,Tercer Trimestre,,,,,,,,,,,,,,,,,,,,,,
3738077,20210901,923272407,Patrimonio Autónomo de Administración y Pago E.S.E. Rafael Uribe Uribe Cont 019,2.1.2.02.02.007,SERVICIOS FINANCIEROS Y SERVICIOS CONEXOS; SERVICIOS INMOBILIARIOS; Y SERVICIOS DE ARRENDAMIENTO Y LEASING,GASTOS,FUNCIONAMIENTO,ADQUISICION DE BIENES Y SERVICIOS,ADQUISICIONES DIFERENTES DE ACTIVOS,ADQUISICION DE SERVICIOS,SERVICIOS FINANCIEROS Y SERVICIOS CONEXOS; SERVICIOS INMOBILIARIOS; Y SERVICIOS DE ARRENDAMIENTO Y LEASING,No Aplica,No Aplica,No Aplica,No Aplica,VIGENCIA ACTUAL,ENTIDADES TERRITORIALES - SALUD,NO DEFINIDO,NO DEFINIDO,SALUD Y PROTECCION SOCIAL,10425000.0,31275000.0,2021,Tercer Trimestre,,,,,,,,,,,,,,,,,,,,,,
4316463,20210901,923272407,Patrimonio Autónomo de Administración y Pago E.S.E. Rafael Uribe Uribe Cont 019,2.1.8,"GASTOS POR TRIBUTOS, TASAS, CONTRIBUCIONES, MULTAS, SANCIONES E INTERESES DE MORA",GASTOS,FUNCIONAMIENTO,"GASTOS POR TRIBUTOS, TASAS, CONTRIBUCIONES, MULTAS, SANCIONES E INTERESES DE MORA",No Aplica,No Aplica,No Aplica,No Aplica,No Aplica,No Aplica,No Aplica,VIGENCIA ACTUAL,ENTIDADES TERRITORIALES - SALUD,NO DEFINIDO,NO DEFINIDO,NO DEFINIDO,45000.0,135000.0,2021,Tercer Trimestre,,,,,,,,,,,,,,,,,,,,,,
5572075,20210901,923272407,Patrimonio Autónomo de Administración y Pago E.S.E. Rafael Uribe Uribe Cont 019,1.2,RECURSOS DE CAPITAL,INGRESOS,RECURSOS DE CAPITAL,No Aplica,No Aplica,No Aplica,No Aplica,No Aplica,No Aplica,No Aplica,No Aplica,,,,,,,,2021,Tercer Trimestre,31410000.0,10470000.0,,,,,,,,,,,,,,,,,,,,
5600207,20210301,923272407,Patrimonio Autónomo de Administración y Pago E.S.E. Rafael Uribe Uribe Cont 019,1.2,RECURSOS DE CAPITAL,INGRESOS,RECURSOS DE CAPITAL,No Aplica,No Aplica,No Aplica,No Aplica,No Aplica,No Aplica,No Aplica,No Aplica,,,,,,,,2021,Primer Trimestre,10470000.0,10470000.0,,,,,,,,,,,,,,,,,,,,
5607578,20210901,923272407,Patrimonio Autónomo de Administración y Pago E.S.E. Rafael Uribe Uribe Cont 019,1.2.05.02,DEPOSITOS,INGRESOS,RECURSOS DE CAPITAL,RENDIMIENTOS FINANCIEROS,DEPOSITOS,No Aplica,No Aplica,No Aplica,No Aplica,No Aplica,No Aplica,,,,,,,,2021,Tercer Trimestre,31410000.0,10470000.0,,,,,,,,,,,,,,,,,,,,
5607912,20210301,923272407,Patrimonio Autónomo de Administración y Pago E.S.E. Rafael Uribe Uribe Cont 019,1.2.05.02,DEPOSITOS,INGRESOS,RECURSOS DE CAPITAL,RENDIMIENTOS FINANCIEROS,DEPOSITOS,No Aplica,No Aplica,No Aplica,No Aplica,No Aplica,No Aplica,,,,,,,,2021,Primer Trimestre,10470000.0,10470000.0,,,,,,,,,,,,,,,,,,,,
5643771,20210301,923272407,Patrimonio Autónomo de Administración y Pago E.S.E. Rafael Uribe Uribe Cont 019,1,INGRESOS,INGRESOS,No Aplica,No Aplica,No Aplica,No Aplica,No Aplica,No Aplica,No Aplica,No Aplica,No Aplica,,,,,,,,2021,Primer Trimestre,10470000.0,10470000.0,,,,,,,,,,,,,,,,,,,,
5658941,20210901,923272407,Patrimonio Autónomo de Administración y Pago E.S.E. Rafael Uribe Uribe Cont 019,1.2.05,RENDIMIENTOS FINANCIEROS,INGRESOS,RECURSOS DE CAPITAL,RENDIMIENTOS FINANCIEROS,No Aplica,No Aplica,No Aplica,No Aplica,No Aplica,No Aplica,No Aplica,,,,,,,,2021,Tercer Trimestre,31410000.0,10470000.0,,,,,,,,,,,,,,,,,,,,
5830405,20210901,923272407,Patrimonio Autónomo de Administración y Pago E.S.E. Rafael Uribe Uribe Cont 019,1,INGRESOS,INGRESOS,No Aplica,No Aplica,No Aplica,No Aplica,No Aplica,No Aplica,No Aplica,No Aplica,No Aplica,,,,,,,,2021,Tercer Trimestre,31410000.0,10470000.0,,,,,,,,,,,,,,,,,,,,
6064556,20210301,923272407,Patrimonio Autónomo de Administración y Pago E.S.E. Rafael Uribe Uribe Cont 019,1.2.05,RENDIMIENTOS FINANCIEROS,INGRESOS,RECURSOS DE CAPITAL,RENDIMIENTOS FINANCIEROS,No Aplica,No Aplica,No Aplica,No Aplica,No Aplica,No Aplica,No Aplica,,,,,,,,2021,Primer Trimestre,10470000.0,10470000.0,,,,,,,,,,,,,,,,,,,,
7038883,20210301,923272407,Patrimonio Autónomo de Administración y Pago E.S.E. Rafael Uribe Uribe Cont 019,1.2,RECURSOS DE CAPITAL,INGRESOS,RECURSOS DE CAPITAL,No Aplica,No Aplica,No Aplica,No Aplica,No Aplica,No Aplica,No Aplica,No Aplica,,,,,,,,2021,Primer Trimestre,,,12928279.0,NO APLICA,NO APLICA,NO APLICA,NO APLICA,NO APLICA,NO APLICA,NO APLICA,NO APLICA,NO APLICA,12928279.0,0.0,0.0,0.0,,,,,,
7072408,20210901,923272407,Patrimonio Autónomo de Administración y Pago E.S.E. Rafael Uribe Uribe Cont 019,1.2.05,RENDIMIENTOS FINANCIEROS,INGRESOS,RECURSOS DE CAPITAL,RENDIMIENTOS FINANCIEROS,No Aplica,No Aplica,No Aplica,No Aplica,No Aplica,No Aplica,No Aplica,,,,,,,,2021,Tercer Trimestre,,,13020411.0,NO APLICA,NO APLICA,NO APLICA,NO APLICA,NO APLICA,NO APLICA,NO APLICA,NO APLICA,NO APLICA,92132.0,0.0,12928279.0,0.0,,,,,,
7176945,20210301,923272407,Patrimonio Autónomo de Administración y Pago E.S.E. Rafael Uribe Uribe Cont 019,1.2.05,RENDIMIENTOS FINANCIEROS,INGRESOS,RECURSOS DE CAPITAL,RENDIMIENTOS FINANCIEROS,No Aplica,No Aplica,No Aplica,No Aplica,No Aplica,No Aplica,No Aplica,,,,,,,,2021,Primer Trimestre,,,12928279.0,NO APLICA,NO APLICA,NO APLICA,NO APLICA,NO APLICA,NO APLICA,NO APLICA,NO APLICA,NO APLICA,12928279.0,0.0,0.0,0.0,,,,,,
7188376,20210901,923272407,Patrimonio Autónomo de Administración y Pago E.S.E. Rafael Uribe Uribe Cont 019,1.2,RECURSOS DE CAPITAL,INGRESOS,RECURSOS DE CAPITAL,No Aplica,No Aplica,No Aplica,No Aplica,No Aplica,No Aplica,No Aplica,No Aplica,,,,,,,,2021,Tercer Trimestre,,,13020411.0,NO APLICA,NO APLICA,NO APLICA,NO APLICA,NO APLICA,NO APLICA,NO APLICA,NO APLICA,NO APLICA,92132.0,0.0,12928279.0,0.0,,,,,,
7445780,20210301,923272407,Patrimonio Autónomo de Administración y Pago E.S.E. Rafael Uribe Uribe Cont 019,1.2.05.02,DEPOSITOS,INGRESOS,RECURSOS DE CAPITAL,RENDIMIENTOS FINANCIEROS,DEPOSITOS,No Aplica,No Aplica,No Aplica,No Aplica,No Aplica,No Aplica,,,,,,,,2021,Primer Trimestre,,,12928279.0,NO APLICA,1.1.0.0.00 - DISPONIBILIDAD INICIAL,NO APLICA,NO APLICA,NO APLICA,NO APLICA,OTRO,NO APLICA,NO APLICA,12928279.0,0.0,0.0,0.0,,,,,,
7626261,20210301,923272407,Patrimonio Autónomo de Administración y Pago E.S.E. Rafael Uribe Uribe Cont 019,1,INGRESOS,INGRESOS,No Aplica,No Aplica,No Aplica,No Aplica,No Aplica,No Aplica,No Aplica,No Aplica,No Aplica,,,,,,,,2021,Primer Trimestre,,,12928279.0,NO APLICA,NO APLICA,NO APLICA,NO APLICA,NO APLICA,NO APLICA,NO APLICA,NO APLICA,NO APLICA,12928279.0,0.0,0.0,0.0,,,,,,
7685766,20210901,923272407,Patrimonio Autónomo de Administración y Pago E.S.E. Rafael Uribe Uribe Cont 019,1.2.05.02,DEPOSITOS,INGRESOS,RECURSOS DE CAPITAL,RENDIMIENTOS FINANCIEROS,DEPOSITOS,No Aplica,No Aplica,No Aplica,No Aplica,No Aplica,No Aplica,,,,,,,,2021,Tercer Trimestre,,,13020411.0,NO APLICA,1.1.0.0.00 - DISPONIBILIDAD INICIAL,NO APLICA,NO APLICA,NO APLICA,NO APLICA,OTRO,NO APLICA,NO APLICA,92132.0,0.0,12928279.0,0.0,,,,,,
7798759,20210901,923272407,Patrimonio Autónomo de Administración y Pago E.S.E. Rafael Uribe Uribe Cont 019,1,INGRESOS,INGRESOS,No Aplica,No Aplica,No Aplica,No Aplica,No Aplica,No Aplica,No Aplica,No Aplica,No Aplica,,,,,,,,2021,Tercer Trimestre,,,13020411.0,NO APLICA,NO APLICA,NO APLICA,NO APLICA,NO APLICA,NO APLICA,NO APLICA,NO APLICA,NO APLICA,92132.0,0.0,12928279.0,0.0,,,,,,
11791671,20210901,923272407,Patrimonio Autónomo de Administración y Pago E.S.E. Rafael Uribe Uribe Cont 019,2.1.2,ADQUISICION DE BIENES Y SERVICIOS,GASTOS,FUNCIONAMIENTO,ADQUISICION DE BIENES Y SERVICIOS,No Aplica,No Aplica,No Aplica,No Aplica,No Aplica,No Aplica,No Aplica,VIGENCIA ACTUAL,ENTIDADES TERRITORIALES - SALUD,NO DEFINIDO,NO DEFINIDO,NO DEFINIDO,,,2021,Tercer Trimestre,,,,NO DEFINIDO,NO DEFINIDO,,,,,,NO DEFINIDO,,,,,,NO DEFINIDO,NO DEFINIDO,NO DEFINIDO,0.0,20324089.0,9975541.0
11849703,20210901,923272407,Patrimonio Autónomo de Administración y Pago E.S.E. Rafael Uribe Uribe Cont 019,2.1.8,"GASTOS POR TRIBUTOS, TASAS, CONTRIBUCIONES, MULTAS, SANCIONES E INTERESES DE MORA",GASTOS,FUNCIONAMIENTO,"GASTOS POR TRIBUTOS, TASAS, CONTRIBUCIONES, MULTAS, SANCIONES E INTERESES DE MORA",No Aplica,No Aplica,No Aplica,No Aplica,No Aplica,No Aplica,No Aplica,VIGENCIA ACTUAL,ENTIDADES TERRITORIALES - SALUD,NO DEFINIDO,NO DEFINIDO,NO DEFINIDO,,,2021,Tercer Trimestre,,,,NO DEFINIDO,NO DEFINIDO,,,,,,NO DEFINIDO,,,,,,NO DEFINIDO,NO DEFINIDO,NO DEFINIDO,0.0,598356.0,556962.0
11932416,20210301,923272407,Patrimonio Autónomo de Administración y Pago E.S.E. Rafael Uribe Uribe Cont 019,2.1.8.01,IMPUESTOS,GASTOS,FUNCIONAMIENTO,"GASTOS POR TRIBUTOS, TASAS, CONTRIBUCIONES, MULTAS, SANCIONES E INTERESES DE MORA",IMPUESTOS,No Aplica,No Aplica,No Aplica,No Aplica,No Aplica,No Aplica,VIGENCIA ACTUAL,ENTIDADES TERRITORIALES - SALUD,NO DEFINIDO,NO DEFINIDO,NO DEFINIDO,,,2021,Primer Trimestre,,,,NO DEFINIDO,NO DEFINIDO,,,,,,NO DEFINIDO,,,,,,NO DEFINIDO,NO DEFINIDO,NO DEFINIDO,0.0,41394.0,41394.0
12019963,20210901,923272407,Patrimonio Autónomo de Administración y Pago E.S.E. Rafael Uribe Uribe Cont 019,2.1,FUNCIONAMIENTO,GASTOS,FUNCIONAMIENTO,No Aplica,No Aplica,No Aplica,No Aplica,No Aplica,No Aplica,No Aplica,No Aplica,VIGENCIA ACTUAL,ENTIDADES TERRITORIALES - SALUD,NO DEFINIDO,NO DEFINIDO,NO DEFINIDO,,,2021,Tercer Trimestre,,,,NO DEFINIDO,NO DEFINIDO,,,,,,NO DEFINIDO,,,,,,NO DEFINIDO,NO DEFINIDO,NO DEFINIDO,0.0,20922445.0,10532503.0
12247563,20210301,923272407,Patrimonio Autónomo de Administración y Pago E.S.E. Rafael Uribe Uribe Cont 019,2,GASTOS,GASTOS,No Aplica,No Aplica,No Aplica,No Aplica,No Aplica,No Aplica,No Aplica,No Aplica,No Aplica,VIGENCIA ACTUAL,ENTIDADES TERRITORIALES - SALUD,NO DEFINIDO,NO DEFINIDO,NO DEFINIDO,,,2021,Primer Trimestre,,,,NO DEFINIDO,NO DEFINIDO,,,,,,NO DEFINIDO,,,,,,NO DEFINIDO,NO DEFINIDO,NO DEFINIDO,0.0,10389942.0,10389942.0
12414816,20210301,923272407,Patrimonio Autónomo de Administración y Pago E.S.E. Rafael Uribe Uribe Cont 019,2.1,FUNCIONAMIENTO,GASTOS,FUNCIONAMIENTO,No Aplica,No Aplica,No Aplica,No Aplica,No Aplica,No Aplica,No Aplica,No Aplica,VIGENCIA ACTUAL,ENTIDADES TERRITORIALES - SALUD,NO DEFINIDO,NO DEFINIDO,NO DEFINIDO,,,2021,Primer Trimestre,,,,NO DEFINIDO,NO DEFINIDO,,,,,,NO DEFINIDO,,,,,,NO DEFINIDO,NO DEFINIDO,NO DEFINIDO,0.0,10389942.0,10389942.0
12619892,20210301,923272407,Patrimonio Autónomo de Administración y Pago E.S.E. Rafael Uribe Uribe Cont 019,2.1.2.02.02.007,SERVICIOS FINANCIEROS Y SERVICIOS CONEXOS; SERVICIOS INMOBILIARIOS; Y SERVICIOS DE ARRENDAMIENTO Y LEASING,GASTOS,FUNCIONAMIENTO,ADQUISICION DE BIENES Y SERVICIOS,ADQUISICIONES DIFERENTES DE ACTIVOS,ADQUISICION DE SERVICIOS,SERVICIOS FINANCIEROS Y SERVICIOS CONEXOS; SERVICIOS INMOBILIARIOS; Y SERVICIOS DE ARRENDAMIENTO Y LEASING,No Aplica,No Aplica,No Aplica,No Aplica,VIGENCIA ACTUAL,ENTIDADES TERRITORIALES - SALUD,NO DEFINIDO,NO DEFINIDO,SALUD Y PROTECCION SOCIAL,,,2021,Primer Trimestre,,,,84520 - SERVICIOS DE ARCHIVOS,1.1.0.0.00 - DISPONIBILIDAD INICIAL,,,,,,NO APLICA,,,,,,CON SITUACION DE FONDOS,OTRO,NO DEFINIDO,0.0,10348548.0,10348548.0
12700905,20210901,923272407,Patrimonio Autónomo de Administración y Pago E.S.E. Rafael Uribe Uribe Cont 019,2,GASTOS,GASTOS,No Aplica,No Aplica,No Aplica,No Aplica,No Aplica,No Aplica,No Aplica,No Aplica,No Aplica,VIGENCIA ACTUAL,ENTIDADES TERRITORIALES - SALUD,NO DEFINIDO,NO DEFINIDO,NO DEFINIDO,,,2021,Tercer Trimestre,,,,NO DEFINIDO,NO DEFINIDO,,,,,,NO DEFINIDO,,,,,,NO DEFINIDO,NO DEFINIDO,NO DEFINIDO,0.0,20922445.0,10532503.0
12834801,20210901,923272407,Patrimonio Autónomo de Administración y Pago E.S.E. Rafael Uribe Uribe Cont 019,2.1.2.02,ADQUISICIONES DIFERENTES DE ACTIVOS,GASTOS,FUNCIONAMIENTO,ADQUISICION DE BIENES Y SERVICIOS,ADQUISICIONES DIFERENTES DE ACTIVOS,No Aplica,No Aplica,No Aplica,No Aplica,No Aplica,No Aplica,VIGENCIA ACTUAL,ENTIDADES TERRITORIALES - SALUD,NO DEFINIDO,NO DEFINIDO,NO DEFINIDO,,,2021,Tercer Trimestre,,,,NO DEFINIDO,NO DEFINIDO,,,,,,NO DEFINIDO,,,,,,NO DEFINIDO,NO DEFINIDO,NO DEFINIDO,0.0,20324089.0,9975541.0
12849048,20210301,923272407,Patrimonio Autónomo de Administración y Pago E.S.E. Rafael Uribe Uribe Cont 019,2.1.2.02,ADQUISICIONES DIFERENTES DE ACTIVOS,GASTOS,FUNCIONAMIENTO,ADQUISICION DE BIENES Y SERVICIOS,ADQUISICIONES DIFERENTES DE ACTIVOS,No Aplica,No Aplica,No Aplica,No Aplica,No Aplica,No Aplica,VIGENCIA ACTUAL,ENTIDADES TERRITORIALES - SALUD,NO DEFINIDO,NO DEFINIDO,NO DEFINIDO,,,2021,Primer Trimestre,,,,NO DEFINIDO,NO DEFINIDO,,,,,,NO DEFINIDO,,,,,,NO DEFINIDO,NO DEFINIDO,NO DEFINIDO,0.0,10348548.0,10348548.0
13350465,20210301,923272407,Patrimonio Autónomo de Administración y Pago E.S.E. Rafael Uribe Uribe Cont 019,2.1.2,ADQUISICION DE BIENES Y SERVICIOS,GASTOS,FUNCIONAMIENTO,ADQUISICION DE BIENES Y SERVICIOS,No Aplica,No Aplica,No Aplica,No Aplica,No Aplica,No Aplica,No Aplica,VIGENCIA ACTUAL,ENTIDADES TERRITORIALES - SALUD,NO DEFINIDO,NO DEFINIDO,NO DEFINIDO,,,2021,Primer Trimestre,,,,NO DEFINIDO,NO DEFINIDO,,,,,,NO DEFINIDO,,,,,,NO DEFINIDO,NO DEFINIDO,NO DEFINIDO,0.0,10348548.0,10348548.0
13502440,20210901,923272407,Patrimonio Autónomo de Administración y Pago E.S.E. Rafael Uribe Uribe Cont 019,2.1.2.02.02,ADQUISICION DE SERVICIOS,GASTOS,FUNCIONAMIENTO,ADQUISICION DE BIENES Y SERVICIOS,ADQUISICIONES DIFERENTES DE ACTIVOS,ADQUISICION DE SERVICIOS,No Aplica,No Aplica,No Aplica,No Aplica,No Aplica,VIGENCIA ACTUAL,ENTIDADES TERRITORIALES - SALUD,NO DEFINIDO,NO DEFINIDO,NO DEFINIDO,,,2021,Tercer Trimestre,,,,NO DEFINIDO,NO DEFINIDO,,,,,,NO DEFINIDO,,,,,,NO DEFINIDO,NO DEFINIDO,NO DEFINIDO,0.0,20324089.0,9975541.0
13846424,20210901,923272407,Patrimonio Autónomo de Administración y Pago E.S.E. Rafael Uribe Uribe Cont 019,2.1.2.02.02.007,SERVICIOS FINANCIEROS Y SERVICIOS CONEXOS; SERVICIOS INMOBILIARIOS; Y SERVICIOS DE ARRENDAMIENTO Y LEASING,GASTOS,FUNCIONAMIENTO,ADQUISICION DE BIENES Y SERVICIOS,ADQUISICIONES DIFERENTES DE ACTIVOS,ADQUISICION DE SERVICIOS,SERVICIOS FINANCIEROS Y SERVICIOS CONEXOS; SERVICIOS INMOBILIARIOS; Y SERVICIOS DE ARRENDAMIENTO Y LEASING,No Aplica,No Aplica,No Aplica,No Aplica,VIGENCIA ACTUAL,ENTIDADES TERRITORIALES - SALUD,NO DEFINIDO,NO DEFINIDO,SALUD Y PROTECCION SOCIAL,,,2021,Tercer Trimestre,,,,84520 - SERVICIOS DE ARCHIVOS,1.1.0.0.00 - DISPONIBILIDAD INICIAL,,,,,,NO APLICA,,,,,,CON SITUACION DE FONDOS,OTRO,NO DEFINIDO,0.0,20324089.0,9975541.0
13910061,20210901,923272407,Patrimonio Autónomo de Administración y Pago E.S.E. Rafael Uribe Uribe Cont 019,2.1.8.01,IMPUESTOS,GASTOS,FUNCIONAMIENTO,"GASTOS POR TRIBUTOS, TASAS, CONTRIBUCIONES, MULTAS, SANCIONES E INTERESES DE MORA",IMPUESTOS,No Aplica,No Aplica,No Aplica,No Aplica,No Aplica,No Aplica,VIGENCIA ACTUAL,ENTIDADES TERRITORIALES - SALUD,NO DEFINIDO,NO DEFINIDO,NO DEFINIDO,,,2021,Tercer Trimestre,,,,NO DEFINIDO,NO DEFINIDO,,,,,,NO DEFINIDO,,,,,,NO DEFINIDO,NO DEFINIDO,NO DEFINIDO,0.0,598356.0,556962.0
14042317,20210301,923272407,Patrimonio Autónomo de Administración y Pago E.S.E. Rafael Uribe Uribe Cont 019,2.1.8,"GASTOS POR TRIBUTOS, TASAS, CONTRIBUCIONES, MULTAS, SANCIONES E INTERESES DE MORA",GASTOS,FUNCIONAMIENTO,"GASTOS POR TRIBUTOS, TASAS, CONTRIBUCIONES, MULTAS, SANCIONES E INTERESES DE MORA",No Aplica,No Aplica,No Aplica,No Aplica,No Aplica,No Aplica,No Aplica,VIGENCIA ACTUAL,ENTIDADES TERRITORIALES - SALUD,NO DEFINIDO,NO DEFINIDO,NO DEFINIDO,,,2021,Primer Trimestre,,,,NO DEFINIDO,NO DEFINIDO,,,,,,NO DEFINIDO,,,,,,NO DEFINIDO,NO DEFINIDO,NO DEFINIDO,0.0,41394.0,41394.0
14334143,20210301,923272407,Patrimonio Autónomo de Administración y Pago E.S.E. Rafael Uribe Uribe Cont 019,2.1.8.01.14,GRAVAMEN A LOS MOVIMIENTOS FINANCIEROS,GASTOS,FUNCIONAMIENTO,"GASTOS POR TRIBUTOS, TASAS, CONTRIBUCIONES, MULTAS, SANCIONES E INTERESES DE MORA",IMPUESTOS,GRAVAMEN A LOS MOVIMIENTOS FINANCIEROS,No Aplica,No Aplica,No Aplica,No Aplica,No Aplica,VIGENCIA ACTUAL,ENTIDADES TERRITORIALES - SALUD,NO DEFINIDO,NO DEFINIDO,SALUD Y PROTECCION SOCIAL,,,2021,Primer Trimestre,,,,NO APLICA,1.1.0.0.00 - DISPONIBILIDAD INICIAL,,,,,,NO APLICA,,,,,,CON SITUACION DE FONDOS,OTRO,NO DEFINIDO,0.0,41394.0,41394.0
14390111,20210901,923272407,Patrimonio Autónomo de Administración y Pago E.S.E. Rafael Uribe Uribe Cont 019,2.1.8.01.14,GRAVAMEN A LOS MOVIMIENTOS FINANCIEROS,GASTOS,FUNCIONAMIENTO,"GASTOS POR TRIBUTOS, TASAS, CONTRIBUCIONES, MULTAS, SANCIONES E INTERESES DE MORA",IMPUESTOS,GRAVAMEN A LOS MOVIMIENTOS FINANCIEROS,No Aplica,No Aplica,No Aplica,No Aplica,No Aplica,VIGENCIA ACTUAL,ENTIDADES TERRITORIALES - SALUD,NO DEFINIDO,NO DEFINIDO,SALUD Y PROTECCION SOCIAL,,,2021,Tercer Trimestre,,,,NO APLICA,1.1.0.0.00 - DISPONIBILIDAD INICIAL,,,,,,NO APLICA,,,,,,CON SITUACION DE FONDOS,OTRO,NO DEFINIDO,0.0,598356.0,556962.0
14532488,20210301,923272407,Patrimonio Autónomo de Administración y Pago E.S.E. Rafael Uribe Uribe Cont 019,2.1.2.02.02,ADQUISICION DE SERVICIOS,GASTOS,FUNCIONAMIENTO,ADQUISICION DE BIENES Y SERVICIOS,ADQUISICIONES DIFERENTES DE ACTIVOS,ADQUISICION DE SERVICIOS,No Aplica,No Aplica,No Aplica,No Aplica,No Aplica,VIGENCIA ACTUAL,ENTIDADES TERRITORIALES - SALUD,NO DEFINIDO,NO DEFINIDO,NO DEFINIDO,,,2021,Primer Trimestre,,,,NO DEFINIDO,NO DEFINIDO,,,,,,NO DEFINIDO,,,,,,NO DEFINIDO,NO DEFINIDO,NO DEFINIDO,0.0,10348548.0,10348548.0
